epoch,loss,mean_absolute_error,mean_absolute_percentage_error,val_loss,val_mean_absolute_error,val_mean_absolute_percentage_error
0,75312.6796875,244.05328369140625,124.94648742675781,54036.50390625,214.2227325439453,96.43402099609375
1,55650.49609375,203.33663940429688,104.43891906738281,37862.94140625,173.52725219726562,79.15886688232422
2,39949.44140625,165.82481384277344,84.99468994140625,25411.3046875,135.15028381347656,62.580162048339844
3,28078.642578125,133.33457946777344,67.45001220703125,16617.44921875,105.91541290283203,48.392433166503906
4,19924.384765625,107.78134155273438,53.03868865966797,11147.125,83.30252838134766,36.30842971801758
5,15147.1181640625,93.57494354248047,43.443748474121094,8548.037109375,70.33821868896484,27.798973083496094
6,13250.8515625,90.65020751953125,39.69736862182617,8168.970703125,69.86121368408203,25.25617218017578
7,13539.78515625,93.75955200195312,39.43636703491211,9204.3046875,76.57471466064453,27.098674774169922
8,15158.7373046875,100.47663879394531,41.59759521484375,10814.7568359375,84.77967834472656,29.91571617126465
9,17228.201171875,107.925537109375,44.704437255859375,12317.240234375,92.1653060913086,32.99888610839844
10,19047.005859375,114.16889953613281,48.26148986816406,13300.837890625,96.68802642822266,34.97662353515625
11,20200.689453125,118.06076049804688,50.60609436035156,13576.654296875,97.98074340820312,35.653629302978516
12,20510.091796875,119.1020278930664,51.413028717041016,13166.27734375,96.37439727783203,35.15361404418945
13,20015.369140625,117.48336791992188,50.79427719116211,12204.087890625,92.29399108886719,33.63477325439453
14,18869.375,113.6028823852539,48.94539260864258,10878.255859375,86.18416595458984,31.310144424438477
15,17291.068359375,108.02265167236328,46.17679214477539,9472.654296875,79.07942962646484,28.5928897857666
16,15596.6806640625,101.79541015625,43.0498161315918,8177.404296875,72.10865783691406,25.98107147216797
17,13989.05859375,95.54704284667969,40.49506378173828,7151.6728515625,66.02748107910156,23.98063850402832
18,12647.990234375,89.7930908203125,38.27318572998047,6473.57275390625,61.744232177734375,22.70557403564453
19,11670.5810546875,85.01651763916016,36.5596809387207,6179.1689453125,59.177425384521484,22.1131591796875
20,11104.2783203125,81.85012817382812,35.764339447021484,6215.62255859375,58.71367645263672,22.477672576904297
21,10903.8466796875,79.86530303955078,35.51805877685547,6496.7275390625,60.43571472167969,23.893678665161133
22,10991.0107421875,79.12565612792969,35.7022590637207,6899.9609375,63.024497985839844,25.479656219482422
23,11243.6708984375,79.32964324951172,36.22148513793945,7292.658203125,65.56130981445312,26.906156539916992
24,11530.900390625,79.94511413574219,36.811126708984375,7575.62548828125,67.49752807617188,27.98065757751465
25,11749.025390625,80.67213439941406,37.32722091674805,7678.0263671875,68.35518646240234,28.47275161743164
26,11820.9775390625,81.03129577636719,37.57468795776367,7569.58642578125,67.89042663574219,28.2598876953125
27,11713.8076171875,80.71388244628906,37.437625885009766,7280.02978515625,66.32958984375,27.4564208984375
28,11450.6298828125,79.70361328125,36.94997024536133,6846.2626953125,63.856597900390625,26.200159072875977
29,11059.962890625,78.08655548095703,36.171112060546875,6326.921875,60.74049758911133,24.648582458496094
30,10596.51171875,76.16566467285156,35.23218536376953,5791.6748046875,57.35795974731445,22.96784019470215
31,10126.7099609375,74.29875946044922,34.28667068481445,5304.11376953125,54.09846115112305,21.311540603637695
32,9706.6962890625,72.71675109863281,33.45158004760742,4901.44970703125,51.346092224121094,19.891815185546875
33,9371.029296875,71.51239776611328,32.77212905883789,4602.3603515625,49.38019561767578,18.973424911499023
34,9133.3828125,70.65911865234375,32.25648880004883,4410.32373046875,48.17726135253906,18.449626922607422
35,8993.8232421875,70.22706604003906,31.942052841186523,4306.28369140625,47.801795959472656,18.23017692565918
36,8932.591796875,70.17415618896484,31.82967185974121,4262.72119140625,47.84474182128906,18.17957305908203
37,8918.2216796875,70.30441284179688,31.848310470581055,4243.48681640625,47.87430191040039,18.145551681518555
38,8910.1279296875,70.39230346679688,31.89491844177246,4220.97509765625,47.78519821166992,18.088314056396484
39,8881.43359375,70.30123901367188,31.88934898376465,4175.83984375,47.481082916259766,17.969074249267578
40,8814.73046875,69.95833587646484,31.786842346191406,4096.931640625,46.90061569213867,17.756343841552734
41,8700.39453125,69.33528900146484,31.571983337402344,3986.869873046875,46.04674530029297,17.437673568725586
42,8542.21484375,68.4522933959961,31.254436492919922,3853.95361328125,44.991783142089844,17.052074432373047
43,8352.0185546875,67.36267852783203,30.858171463012695,3716.681640625,43.867279052734375,16.655643463134766
44,8152.2265625,66.16063690185547,30.431392669677734,3590.3662109375,42.757266998291016,16.276683807373047
45,7964.46533203125,64.99205780029297,30.046892166137695,3484.9658203125,41.73383712768555,15.931815147399902
46,7799.00048828125,63.97313690185547,29.75783920288086,3405.696533203125,40.99931335449219,15.691590309143066
47,7664.61767578125,63.18461227416992,29.570667266845703,3351.813720703125,40.644962310791016,15.575042724609375
48,7560.7529296875,62.58306884765625,29.45624542236328,3315.461669921875,40.513179779052734,15.527764320373535
49,7481.24951171875,62.16436004638672,29.400907516479492,3287.4013671875,40.44277572631836,15.537175178527832
50,7416.2734375,61.87934112548828,29.3843936920166,3257.624755859375,40.360633850097656,15.562213897705078
51,7354.47412109375,61.67283248901367,29.378379821777344,3217.62109375,40.187686920166016,15.543006896972656
52,7284.75390625,61.47189712524414,29.35841941833496,3163.888427734375,39.87124252319336,15.440910339355469
53,7204.40478515625,61.180419921875,29.289690017700195,3097.39794921875,39.37358474731445,15.2464017868042
54,7112.67578125,60.77533721923828,29.164520263671875,3020.17724609375,38.687705993652344,14.952987670898438
55,7011.1552734375,60.267982482910156,28.98332977294922,2938.080810546875,37.860694885253906,14.5833740234375
56,6904.5673828125,59.69133377075195,28.762283325195312,2858.508056640625,36.98563003540039,14.177895545959473
57,6799.47998046875,59.0952262878418,28.521352767944336,2786.806640625,36.15653991699219,13.78195858001709
58,6699.99853515625,58.522037506103516,28.281930923461914,2726.798583984375,35.440948486328125,13.425454139709473
59,6609.6748046875,58.008827209472656,28.063100814819336,2676.321044921875,34.90327072143555,13.131518363952637
60,6527.05126953125,57.55438995361328,27.868032455444336,2634.614501953125,34.50880432128906,12.896160125732422
61,6454.1015625,57.1608772277832,27.700403213500977,2600.78662109375,34.191749572753906,12.702330589294434
62,6388.0126953125,56.80414962768555,27.55253791809082,2571.007568359375,33.91292953491211,12.532313346862793
63,6324.99755859375,56.464691162109375,27.414669036865234,2541.803955078125,33.65559005737305,12.383344650268555
64,6262.75048828125,56.13887023925781,27.291757583618164,2510.324951171875,33.381717681884766,12.244321823120117
65,6199.5927734375,55.81641387939453,27.18433952331543,2474.283447265625,33.05680847167969,12.106378555297852
66,6134.27001953125,55.49355697631836,27.091228485107422,2434.42236328125,32.698631286621094,11.976426124572754
67,6066.52197265625,55.16987991333008,27.009489059448242,2392.564453125,32.362464904785156,11.873109817504883
68,5999.10205078125,54.85611343383789,26.94278907775879,2352.649658203125,32.06022644042969,11.793866157531738
69,5934.88525390625,54.5881462097168,26.892566680908203,2315.846923828125,31.800201416015625,11.739352226257324
70,5874.03955078125,54.35713195800781,26.85723876953125,2281.260498046875,31.583932876586914,11.699105262756348
71,5815.95703125,54.150299072265625,26.826078414916992,2247.0,31.38853645324707,11.669021606445312
72,5759.857421875,53.96188735961914,26.80377769470215,2215.508056640625,31.253955841064453,11.664368629455566
73,5706.84326171875,53.79206085205078,26.793840408325195,2186.13427734375,31.162063598632812,11.680919647216797
74,5655.79443359375,53.6421012878418,26.800355911254883,2158.906494140625,30.983829498291016,11.654448509216309
75,5605.11962890625,53.453121185302734,26.77800178527832,2133.529541015625,30.716957092285156,11.578577041625977
76,5554.87841796875,53.2034912109375,26.715595245361328,2111.550537109375,30.484432220458984,11.505690574645996
77,5507.03955078125,52.95268249511719,26.646575927734375,2090.602294921875,30.315425872802734,11.461379051208496
78,5458.85498046875,52.715248107910156,26.59487533569336,2071.05908203125,30.17917823791504,11.416961669921875
79,5411.4560546875,52.46329116821289,26.525100708007812,2053.80615234375,29.994123458862305,11.31558609008789
80,5363.9326171875,52.16960525512695,26.41646385192871,2038.79248046875,29.79782485961914,11.186224937438965
81,5317.50048828125,51.878074645996094,26.294269561767578,2023.0194091796875,29.670042037963867,11.106075286865234
82,5271.3671875,51.58879470825195,26.186494827270508,2007.4425048828125,29.52259635925293,11.023926734924316
83,5227.36865234375,51.308650970458984,26.08196258544922,1996.866943359375,29.353008270263672,10.911703109741211
84,5185.75927734375,51.0463981628418,25.971994400024414,1987.385498046875,29.21710968017578,10.826396942138672
85,5146.3486328125,50.80929183959961,25.87870216369629,1975.778564453125,29.124425888061523,10.809700012207031
86,5107.78466796875,50.57205581665039,25.80866813659668,1964.2427978515625,29.044958114624023,10.806787490844727
87,5068.9921875,50.33604049682617,25.73653793334961,1954.9071044921875,29.00389289855957,10.785748481750488
88,5029.564453125,50.112876892089844,25.654836654663086,1940.7325439453125,28.90700912475586,10.802978515625
89,4989.5078125,49.86473846435547,25.586456298828125,1923.942626953125,28.765235900878906,10.826520919799805
90,4947.8740234375,49.59316635131836,25.517621994018555,1907.7696533203125,28.628456115722656,10.828326225280762
91,4903.58642578125,49.28752517700195,25.421335220336914,1886.7735595703125,28.46392822265625,10.881978988647461
92,4857.29345703125,48.98649597167969,25.359588623046875,1874.5216064453125,28.419082641601562,10.90640640258789
93,4809.41455078125,48.55122756958008,25.21415901184082,1874.9217529296875,28.784297943115234,10.907113075256348
94,4765.93017578125,48.10890579223633,25.011734008789062,1851.48828125,28.802392959594727,11.203685760498047
95,4724.44775390625,47.85313034057617,25.075077056884766,1846.427001953125,28.993562698364258,11.316843032836914
96,4697.35986328125,47.66757583618164,25.03631591796875,1819.7559814453125,28.86585235595703,11.579052925109863
97,4684.34423828125,47.73262023925781,25.19342041015625,1881.5233154296875,28.884111404418945,10.523097038269043
98,4679.78466796875,47.64555358886719,24.80196189880371,1797.8636474609375,27.620086669921875,10.237584114074707
99,4599.35302734375,46.81898880004883,24.623023986816406,1733.439453125,27.478191375732422,10.659135818481445
100,4616.6328125,47.43415832519531,24.92868423461914,1739.59326171875,26.798809051513672,10.029321670532227
101,4568.2333984375,46.96525955200195,24.7067813873291,1842.243896484375,27.298730850219727,9.967194557189941
102,4563.84033203125,46.74526596069336,24.497478485107422,1780.2696533203125,26.84034538269043,9.857317924499512
103,4485.0947265625,46.10487365722656,24.422008514404297,1695.33154296875,26.85002326965332,10.552111625671387
104,4470.4169921875,46.32051467895508,24.68961524963379,1692.6851806640625,27.076793670654297,10.873224258422852
105,4430.80224609375,46.00880813598633,24.755956649780273,1770.918701171875,27.902095794677734,10.902054786682129
106,4418.52392578125,46.020286560058594,24.66290283203125,1756.746337890625,27.76202964782715,10.917933464050293
107,4390.5322265625,45.82582092285156,24.646133422851562,1673.295166015625,26.959463119506836,10.941117286682129
108,4360.05810546875,45.523555755615234,24.71823501586914,1676.42919921875,26.63201904296875,10.61149787902832
109,4317.89892578125,45.11643981933594,24.43301010131836,1727.626953125,26.65037727355957,10.079681396484375
110,4298.3486328125,44.84498977661133,24.07796859741211,1716.6778564453125,26.19629669189453,9.668667793273926
111,4268.740234375,44.53485107421875,23.8895320892334,1682.349853515625,25.63981056213379,9.466446876525879
112,4245.1572265625,44.37812423706055,23.84747886657715,1689.239013671875,25.342838287353516,9.163050651550293
113,4221.634765625,44.18254089355469,23.7636661529541,1738.4344482421875,25.467376708984375,9.077959060668945
114,4194.4541015625,43.90943145751953,23.675138473510742,1725.792724609375,25.35919761657715,9.047879219055176
115,4168.3564453125,43.691471099853516,23.631500244140625,1630.5440673828125,24.894765853881836,9.167926788330078
116,4140.24755859375,43.47383117675781,23.634204864501953,1598.1153564453125,24.963653564453125,9.426733016967773
117,4115.12548828125,43.254859924316406,23.619327545166016,1613.11328125,25.332258224487305,9.582146644592285
118,4097.68701171875,43.20789337158203,23.611736297607422,1558.7767333984375,25.096040725708008,9.918627738952637
119,4073.344970703125,43.0069465637207,23.6536865234375,1548.982421875,24.948965072631836,9.915407180786133
120,4051.168701171875,42.854156494140625,23.619199752807617,1596.823974609375,25.000152587890625,9.567906379699707
121,4026.2001953125,42.587467193603516,23.44831085205078,1605.6297607421875,24.732847213745117,9.354625701904297
122,4000.7548828125,42.3352165222168,23.355369567871094,1600.47314453125,24.43720245361328,9.2431058883667
123,3981.120361328125,42.2227897644043,23.31148338317871,1663.4818115234375,24.637344360351562,8.869368553161621
124,3961.24267578125,41.99700927734375,23.193519592285156,1623.0626220703125,24.300174713134766,9.045768737792969
125,3937.6298828125,41.82837677001953,23.161483764648438,1637.930908203125,24.4615478515625,9.030787467956543
126,3913.1015625,41.53103256225586,23.066219329833984,1629.801025390625,24.584339141845703,9.270647048950195
127,3890.959228515625,41.333011627197266,23.024030685424805,1596.91357421875,24.447927474975586,9.587905883789062
128,3869.811279296875,41.24314880371094,23.063779830932617,1628.0953369140625,24.832866668701172,9.555617332458496
129,3847.064208984375,41.00625228881836,22.956470489501953,1601.786376953125,24.507354736328125,9.602476119995117
130,3822.064453125,40.803306579589844,22.942808151245117,1588.624267578125,24.13666343688965,9.4966459274292
131,3797.156005859375,40.613059997558594,22.891820907592773,1631.451904296875,24.37042999267578,9.173065185546875
132,3770.883544921875,40.31639099121094,22.714717864990234,1615.1751708984375,23.889562606811523,9.029682159423828
133,3745.86962890625,40.08818817138672,22.653669357299805,1613.955078125,23.67420768737793,8.928492546081543
134,3721.393310546875,39.8692512512207,22.583961486816406,1637.9923095703125,23.96825408935547,8.794678688049316
135,3697.85546875,39.575401306152344,22.468807220458984,1610.3983154296875,23.787599563598633,9.117202758789062
136,3672.560302734375,39.42718505859375,22.476093292236328,1613.6820068359375,23.92530632019043,9.256781578063965
137,3648.529541015625,39.19564437866211,22.41761016845703,1628.5269775390625,24.27520179748535,9.33005142211914
138,3626.858642578125,38.996604919433594,22.345258712768555,1608.2568359375,24.440114974975586,9.740395545959473
139,3604.35595703125,38.856998443603516,22.377792358398438,1624.5394287109375,24.095888137817383,9.375982284545898
140,3580.69140625,38.57332229614258,22.235157012939453,1612.5404052734375,23.940717697143555,9.435282707214355
141,3556.132080078125,38.35273742675781,22.197521209716797,1615.278564453125,23.802217483520508,9.299598693847656
142,3533.35400390625,38.11945343017578,22.108369827270508,1623.29345703125,23.673803329467773,9.110514640808105
143,3512.408935546875,37.91340255737305,22.013961791992188,1611.9805908203125,24.49692153930664,9.645406723022461
144,3491.9638671875,37.78919982910156,22.033443450927734,1647.9498291015625,24.267820358276367,9.177135467529297
145,3472.17041015625,37.62645721435547,21.883827209472656,1612.5948486328125,25.376768112182617,10.053102493286133
146,3449.50244140625,37.47199249267578,21.955615997314453,1664.7208251953125,24.30557632446289,8.915650367736816
147,3428.44873046875,37.23316192626953,21.67559051513672,1614.6431884765625,25.30657196044922,9.869451522827148
148,3403.303466796875,37.04794692993164,21.77948760986328,1654.351806640625,24.302135467529297,9.065671920776367
149,3380.7705078125,36.74643325805664,21.53349494934082,1634.5404052734375,25.17658233642578,9.912055969238281
150,3358.35400390625,36.55363464355469,21.615100860595703,1643.581787109375,25.329498291015625,10.099236488342285
151,3339.155029296875,36.3733024597168,21.575489044189453,1678.3875732421875,24.6805419921875,9.32874584197998
152,3324.12255859375,36.180789947509766,21.277023315429688,1629.772705078125,25.81350326538086,10.465972900390625
153,3310.538330078125,36.34116744995117,21.607717514038086,1820.861572265625,27.05461883544922,9.148832321166992
154,3369.166015625,37.49689865112305,21.062570571899414,1588.57177734375,27.819217681884766,11.854890823364258
155,3431.876953125,39.221595764160156,22.89847755432129,1792.6282958984375,26.41109848022461,8.985391616821289
156,3298.157958984375,36.325965881347656,20.756181716918945,1818.7508544921875,26.690876007080078,8.991154670715332
157,3310.814453125,36.679656982421875,20.773530960083008,1541.21484375,27.123538970947266,11.595063209533691
158,3265.384033203125,36.32279586791992,21.880416870117188,1542.245849609375,27.783348083496094,12.08216381072998
159,3290.48486328125,37.16080093383789,22.25149154663086,1736.814453125,25.29584312438965,8.749139785766602
160,3213.521484375,35.227378845214844,20.601797103881836,1888.396484375,27.287229537963867,8.971976280212402
161,3292.0849609375,36.59202194213867,20.559452056884766,1621.51171875,24.33582878112793,9.236165046691895
162,3167.171630859375,34.72798156738281,20.85508155822754,1566.70068359375,28.017261505126953,12.15872573852539
163,3238.339599609375,36.646949768066406,21.944271087646484,1622.065185546875,24.94082260131836,10.162324905395508
164,3136.444580078125,34.436134338378906,20.96825408935547,1823.9013671875,27.481447219848633,9.504907608032227
165,3180.172607421875,35.33669662475586,20.580690383911133,1783.4229736328125,27.5551700592041,10.208802223205566
166,3137.145751953125,34.687034606933594,20.664487838745117,1623.8531494140625,25.962621688842773,11.423443794250488
167,3098.052978515625,34.26859664916992,21.262510299682617,1600.6807861328125,27.312292098999023,12.148516654968262
168,3115.73681640625,34.85421371459961,21.644485473632812,1627.3482666015625,24.157777786254883,9.713380813598633
169,3052.993408203125,33.56568908691406,20.587242126464844,1809.85595703125,26.19152069091797,8.764533996582031
170,3072.4267578125,33.95526885986328,19.950044631958008,1775.9246826171875,25.252168655395508,8.499503135681152
171,3046.223876953125,33.54323959350586,19.846012115478516,1611.7720947265625,23.910268783569336,9.12582015991211
172,3018.39501953125,33.4109992980957,20.394241333007812,1594.2724609375,25.766979217529297,10.621349334716797
173,3025.888427734375,33.7857780456543,20.82252311706543,1649.55322265625,24.146516799926758,9.231354713439941
174,2981.8779296875,32.837493896484375,20.1827392578125,1775.8211669921875,26.849159240722656,9.573324203491211
175,2995.224365234375,33.31203842163086,20.04767417907715,1658.108642578125,25.294828414916992,10.285829544067383
176,2957.253662109375,32.69462203979492,20.309398651123047,1587.267822265625,26.17107391357422,11.607037544250488
177,2960.17236328125,33.10513687133789,20.929738998413086,1603.6783447265625,25.316661834716797,10.765069007873535
178,2929.554443359375,32.51007080078125,20.377504348754883,1688.634765625,25.374534606933594,9.819305419921875
179,2921.180908203125,32.36882400512695,19.820493698120117,1674.4849853515625,24.8654842376709,9.69845962524414
180,2905.426025390625,32.17616271972656,19.706998825073242,1609.1376953125,25.030925750732422,10.584811210632324
181,2890.483154296875,32.24277114868164,20.079517364501953,1623.0379638671875,25.337787628173828,10.8926420211792
182,2878.49267578125,32.21834182739258,20.150863647460938,1693.4649658203125,25.310319900512695,10.26170539855957
183,2868.519287109375,31.929759979248047,19.617055892944336,1695.3419189453125,25.545658111572266,10.784205436706543
184,2850.490966796875,31.8280029296875,19.831968307495117,1654.59375,26.122011184692383,11.630322456359863
185,2851.957763671875,32.020103454589844,20.525983810424805,1658.1375732421875,24.87511444091797,10.161471366882324
186,2827.080078125,31.494049072265625,19.412199020385742,1606.982421875,24.568632125854492,10.003600120544434
187,2811.180908203125,31.274864196777344,19.337190628051758,1572.580078125,25.29923439025879,10.81472396850586
188,2809.012939453125,31.70928955078125,19.81322479248047,1636.1541748046875,24.864931106567383,10.200701713562012
189,2790.382568359375,31.181734085083008,19.3012752532959,1635.94921875,25.22930335998535,10.819368362426758
190,2773.5830078125,31.030399322509766,19.507183074951172,1609.1790771484375,25.985992431640625,11.739995956420898
191,2780.815185546875,31.41843605041504,20.352489471435547,1698.9879150390625,26.020267486572266,10.232830047607422
192,2769.00732421875,31.06090545654297,19.035255432128906,1600.287353515625,23.72861099243164,9.592972755432129
193,2743.801025390625,30.575578689575195,18.936132431030273,1567.5369873046875,24.924774169921875,10.454109191894531
194,2757.236572265625,31.330289840698242,19.454620361328125,1674.9541015625,24.84661293029785,9.2819185256958
195,2733.917236328125,30.488243103027344,18.692880630493164,1649.1568603515625,25.582216262817383,10.220126152038574
196,2711.802001953125,30.236865997314453,18.847177505493164,1542.965087890625,24.41387939453125,11.115745544433594
197,2707.250244140625,30.567228317260742,19.78476333618164,1590.7730712890625,25.37613296508789,11.093233108520508
198,2683.938720703125,30.03929328918457,19.273324966430664,1616.181884765625,26.011207580566406,11.076272964477539
199,2676.294921875,30.11415672302246,19.05613899230957,1499.7899169921875,23.731943130493164,11.174476623535156
200,2669.86181640625,30.164016723632812,19.7081356048584,1566.8797607421875,24.514999389648438,10.108914375305176
201,2653.444091796875,29.62259292602539,18.52186393737793,1506.5650634765625,22.966358184814453,9.592500686645508
202,2638.65673828125,29.39094352722168,18.4038143157959,1437.98291015625,22.929542541503906,10.304774284362793
203,2631.701416015625,29.890377044677734,18.944597244262695,1525.7830810546875,24.297269821166992,10.40832805633545
204,2602.603759765625,29.14798927307129,18.482053756713867,1553.1103515625,25.203062057495117,11.116795539855957
205,2594.09814453125,29.32244873046875,18.954143524169922,1497.4708251953125,24.0338077545166,10.887901306152344
206,2578.503662109375,29.27338218688965,19.0473575592041,1549.8480224609375,24.383066177368164,9.691579818725586
207,2580.98486328125,28.897459030151367,17.913923263549805,1420.178955078125,24.254175186157227,10.678207397460938
208,2614.9619140625,30.816123962402344,19.21232032775879,1827.599365234375,27.875904083251953,9.47668743133545
209,2687.1220703125,31.19749641418457,18.281314849853516,1423.08447265625,22.56810760498047,9.758051872253418
210,2535.098388671875,28.732921600341797,18.106081008911133,1540.033935546875,28.16282844543457,13.470518112182617
211,2663.832763671875,31.68077278137207,20.739334106445312,1881.066650390625,28.486970901489258,9.686388969421387
212,2665.155029296875,30.98900604248047,18.188743591308594,1821.897705078125,27.207571029663086,9.14746379852295
213,2614.817138671875,29.878660202026367,17.86683464050293,1420.7852783203125,23.77755355834961,10.355195999145508
214,2571.751953125,29.58290672302246,18.660110473632812,1508.3040771484375,27.731956481933594,12.914341926574707
215,2634.1435546875,31.283891677856445,19.95237159729004,1609.8529052734375,26.10847282409668,9.933757781982422
216,2507.56103515625,28.427555084228516,17.889894485473633,1844.356201171875,29.104843139648438,9.990817070007324
217,2646.6875,31.502395629882812,18.479778289794922,1421.088623046875,24.7088565826416,11.2676362991333
218,2476.818603515625,28.130674362182617,18.66387176513672,1413.806396484375,25.48188018798828,12.809293746948242
219,2598.969482421875,30.97922134399414,20.84487533569336,1475.770263671875,23.3673152923584,9.151205062866211
220,2451.358642578125,27.754194259643555,17.63549041748047,1828.702880859375,27.61347770690918,9.22219181060791
221,2569.344970703125,29.8524169921875,17.777870178222656,1626.0008544921875,23.980304718017578,8.298115730285645
222,2482.72705078125,28.444734573364258,17.376798629760742,1353.915283203125,21.99314308166504,9.521016120910645
223,2475.810302734375,28.493009567260742,18.27955436706543,1343.8035888671875,23.38252067565918,10.98495864868164
224,2480.284423828125,28.979427337646484,19.01407241821289,1445.25439453125,24.08159828186035,10.171964645385742
225,2394.17724609375,27.181652069091797,17.863033294677734,1673.477294921875,28.17948341369629,10.89867877960205
226,2463.94091796875,29.070653915405273,18.00743865966797,1477.5623779296875,25.42194366455078,11.046180725097656
227,2375.322509765625,27.36992835998535,18.126110076904297,1386.4615478515625,24.478134155273438,12.108142852783203
228,2431.052978515625,28.940486907958984,19.729867935180664,1420.798583984375,23.422555923461914,9.921218872070312
229,2339.47314453125,26.626781463623047,17.435775756835938,1669.861572265625,25.948801040649414,9.185317039489746
230,2391.763671875,27.648662567138672,17.11224937438965,1488.8211669921875,22.989395141601562,8.614302635192871
231,2337.210693359375,26.611196517944336,16.879213333129883,1293.802734375,20.898948669433594,9.281858444213867
232,2353.267822265625,27.563377380371094,17.826749801635742,1336.2569580078125,21.967077255249023,9.569610595703125
233,2309.134033203125,26.67496681213379,17.525407791137695,1595.47607421875,26.96886444091797,10.477107048034668
234,2315.19287109375,26.99260711669922,17.186250686645508,1536.3260498046875,26.804399490356445,11.14436149597168
235,2288.6103515625,26.68339729309082,17.50453758239746,1375.6422119140625,23.929357528686523,11.44854736328125
236,2303.670654296875,27.242788314819336,18.743915557861328,1404.9078369140625,24.049877166748047,10.462124824523926
237,2250.49755859375,25.916624069213867,17.32510757446289,1524.206298828125,24.95801544189453,9.609177589416504
238,2271.210205078125,26.08504295349121,16.62253189086914,1358.224609375,22.050325393676758,9.15355396270752
239,2238.398193359375,25.603540420532227,16.652780532836914,1283.3016357421875,21.40608787536621,9.855480194091797
240,2247.46484375,26.507497787475586,17.44331169128418,1424.7410888671875,24.32465171813965,10.202052116394043
241,2210.408203125,25.381589889526367,16.730735778808594,1496.145263671875,26.080364227294922,11.035174369812012
242,2211.19873046875,25.79393196105957,16.998973846435547,1393.85888671875,24.299903869628906,11.300029754638672
243,2205.40576171875,25.8338565826416,17.87151336669922,1424.4598388671875,24.564804077148438,10.480175018310547
244,2175.107421875,24.934114456176758,16.647701263427734,1423.9334716796875,23.864891052246094,9.761991500854492
245,2173.004150390625,24.746047973632812,16.285091400146484,1328.2359619140625,22.297176361083984,9.80052375793457
246,2164.158447265625,25.12740707397461,16.669252395629883,1392.9158935546875,24.10027313232422,10.472037315368652
247,2141.909423828125,24.575881958007812,16.523540496826172,1469.316650390625,25.737085342407227,11.084076881408691
248,2141.546142578125,24.969446182250977,16.6641845703125,1404.8458251953125,24.584978103637695,11.206354141235352
249,2135.66357421875,24.82730484008789,17.097658157348633,1452.0428466796875,24.228662490844727,9.660201072692871
250,2132.98291015625,24.37091636657715,15.890471458435059,1317.1070556640625,21.695514678955078,9.259293556213379
251,2122.56494140625,24.806589126586914,16.27765655517578,1360.462890625,23.237022399902344,10.028512954711914
252,2092.337158203125,24.07518768310547,16.146940231323242,1472.962890625,25.650035858154297,11.060098648071289
253,2097.791748046875,24.672136306762695,16.41809844970703,1385.0047607421875,24.110267639160156,10.906420707702637
254,2082.99560546875,24.18833351135254,16.564220428466797,1418.3052978515625,23.26947593688965,9.27628231048584
255,2082.15087890625,23.604984283447266,15.429672241210938,1312.811279296875,21.422544479370117,9.10545825958252
256,2079.929931640625,24.402854919433594,15.955750465393066,1405.9622802734375,24.083877563476562,10.112027168273926
257,2045.3892822265625,23.617033004760742,15.79979419708252,1457.0904541015625,25.361188888549805,11.314035415649414
258,2054.327880859375,24.053438186645508,16.534805297851562,1404.1474609375,24.231815338134766,10.593709945678711
259,2028.0894775390625,23.479970932006836,16.006595611572266,1352.3392333984375,22.041622161865234,9.181134223937988
260,2026.7196044921875,23.18598175048828,15.421087265014648,1316.4205322265625,21.472566604614258,9.263532638549805
261,2018.2532958984375,23.648378372192383,15.777562141418457,1478.045166015625,25.01583480834961,10.415168762207031
262,2014.789306640625,23.81070899963379,15.788337707519531,1390.76318359375,23.40735626220703,11.239875793457031
263,2049.12109375,24.581356048583984,17.3576717376709,1696.6641845703125,27.554285049438477,10.63076114654541
264,2092.629638671875,25.53802490234375,15.97011947631836,1345.04931640625,23.07215690612793,10.92732048034668
265,2067.42724609375,25.959924697875977,17.26061248779297,1531.2391357421875,23.913341522216797,9.359835624694824
266,2010.9056396484375,23.343151092529297,15.226066589355469,1510.895263671875,23.843610763549805,9.37586784362793
267,1998.654541015625,23.289297103881836,15.2482328414917,1316.69482421875,22.042312622070312,10.733661651611328
268,2022.1041259765625,24.72817039489746,17.091753005981445,1449.493896484375,23.913698196411133,9.848832130432129
269,1965.7452392578125,23.195619583129883,15.56873893737793,1469.7431640625,24.383472442626953,10.052763938903809
270,1960.2020263671875,23.25802230834961,15.656670570373535,1316.929931640625,21.60154914855957,10.330981254577637
271,1977.332763671875,23.960763931274414,16.893932342529297,1449.12255859375,23.270822525024414,9.535491943359375
272,1937.738525390625,22.53724479675293,15.308496475219727,1438.775146484375,23.434629440307617,9.719552040100098
273,1924.363037109375,22.490352630615234,15.38921070098877,1360.1173095703125,22.698081970214844,10.768346786499023
274,1949.0325927734375,23.406457901000977,16.726770401000977,1503.6483154296875,24.60513687133789,10.097207069396973
275,1926.2657470703125,22.882177352905273,15.456277847290039,1380.1832275390625,22.625242233276367,9.846367835998535
276,1894.81201171875,22.158292770385742,15.489461898803711,1347.2227783203125,21.889711380004883,9.639196395874023
277,1896.0025634765625,22.556428909301758,15.618522644042969,1507.0550537109375,24.007932662963867,9.639137268066406
278,1903.527099609375,22.25412940979004,14.891377449035645,1376.8035888671875,22.828411102294922,10.108128547668457
279,1881.1531982421875,22.425283432006836,15.661548614501953,1432.4317626953125,23.858654022216797,10.230981826782227
280,1863.8773193359375,21.967639923095703,15.290143966674805,1476.7491455078125,24.222389221191406,10.064812660217285
281,1861.6038818359375,21.989139556884766,15.011106491088867,1348.312255859375,22.177370071411133,10.300342559814453
282,1871.9244384765625,22.691726684570312,15.95976734161377,1529.3248291015625,24.537431716918945,9.97577953338623
283,1879.4959716796875,22.153343200683594,14.900251388549805,1352.0283203125,22.31790542602539,10.450904846191406
284,1854.556640625,22.37168312072754,15.99481201171875,1451.6832275390625,24.12430763244629,10.233070373535156
285,1831.2034912109375,21.72208595275879,15.116859436035156,1379.85791015625,22.88323974609375,10.081151962280273
286,1817.5045166015625,21.44744110107422,15.309489250183105,1349.8939208984375,22.117847442626953,9.730915069580078
287,1810.840576171875,21.41168785095215,15.165542602539062,1403.5494384765625,22.96331214904785,9.841723442077637
288,1806.3489990234375,21.194271087646484,14.865666389465332,1369.9449462890625,22.674306869506836,10.607006072998047
289,1818.48876953125,21.758893966674805,15.795369148254395,1582.4276123046875,25.775074005126953,10.543096542358398
290,1838.068115234375,22.423809051513672,15.054571151733398,1355.667724609375,22.629457473754883,11.193514823913574
291,1887.1787109375,24.326757431030273,17.096298217773438,1749.554931640625,27.83529281616211,10.917662620544434
292,1904.64453125,24.01496124267578,15.481762886047363,1319.0535888671875,21.47110939025879,9.812410354614258
293,1789.552001953125,21.597990036010742,15.432235717773438,1284.2861328125,20.550811767578125,9.43212890625
294,1792.4150390625,21.931026458740234,15.530049324035645,1595.50927734375,24.876449584960938,9.834901809692383
295,1834.701904296875,22.21902084350586,14.844891548156738,1356.47265625,21.599763870239258,9.328126907348633
296,1764.4432373046875,20.805744171142578,14.84360122680664,1297.19677734375,20.977569580078125,10.378233909606934
297,1839.73681640625,23.319000244140625,17.088653564453125,1667.8284912109375,27.013595581054688,10.879199981689453
298,1822.6444091796875,23.163070678710938,15.462982177734375,1378.9547119140625,22.342885971069336,9.8472261428833
299,1746.8992919921875,20.86621856689453,15.169076919555664,1263.7921142578125,19.98270034790039,9.364274024963379
300,1778.4716796875,22.098535537719727,15.786958694458008,1488.0711669921875,22.610246658325195,9.16720962524414
301,1779.0718994140625,20.82866096496582,14.402447700500488,1469.046142578125,22.933286666870117,9.475406646728516
302,1745.44482421875,20.560338973999023,14.437265396118164,1306.63623046875,21.523244857788086,10.347186088562012
303,1791.4107666015625,22.581907272338867,16.631277084350586,1523.5760498046875,25.36216926574707,10.831053733825684
304,1742.6558837890625,21.49590301513672,15.270047187805176,1585.981689453125,25.154029846191406,10.35524845123291
305,1746.9412841796875,21.427961349487305,14.735367774963379,1270.3546142578125,19.450319290161133,9.042167663574219
306,1753.783447265625,22.051475524902344,15.564515113830566,1353.8453369140625,20.521970748901367,8.873805046081543
307,1712.236083984375,20.23551368713379,14.390145301818848,1488.145263671875,23.826961517333984,9.948081016540527
308,1719.5521240234375,21.0538330078125,14.705734252929688,1352.2860107421875,22.403573989868164,10.390926361083984
309,1716.822998046875,20.47159194946289,15.42946720123291,1371.581787109375,22.270048141479492,9.996378898620605
310,1692.778076171875,20.494836807250977,15.14814281463623,1570.17236328125,24.011911392211914,9.834338188171387
311,1730.05810546875,20.630308151245117,14.371771812438965,1345.712158203125,19.737640380859375,8.467700958251953
312,1705.927734375,20.229656219482422,14.38668155670166,1317.58203125,20.288711547851562,8.963482856750488
313,1690.6697998046875,20.483537673950195,14.6721830368042,1509.4190673828125,24.931604385375977,10.617905616760254
314,1684.78759765625,20.9028263092041,14.779440879821777,1458.1953125,23.954713821411133,10.858211517333984
315,1676.265869140625,20.275461196899414,15.008448600769043,1379.0634765625,21.79159164428711,9.945063591003418
316,1664.192138671875,20.292734146118164,14.894875526428223,1468.925048828125,22.274606704711914,9.231393814086914
317,1678.721923828125,19.93678855895996,14.156240463256836,1362.9014892578125,20.86488914489746,8.941407203674316
318,1647.4400634765625,19.334138870239258,14.158175468444824,1307.6307373046875,21.22061538696289,9.782754898071289
319,1652.28857421875,20.373275756835938,15.32140064239502,1525.004150390625,24.913393020629883,10.425485610961914
320,1661.343505859375,20.970502853393555,14.90588665008545,1362.9803466796875,21.2955322265625,9.577908515930176
321,1624.06103515625,19.60091781616211,14.665019035339355,1344.6553955078125,20.16265869140625,9.005616188049316
322,1623.1075439453125,19.608638763427734,14.4230318069458,1469.7196044921875,22.494253158569336,9.415332794189453
323,1624.4580078125,19.636371612548828,14.144512176513672,1339.9093017578125,21.51405143737793,9.936395645141602
324,1630.16845703125,19.70563507080078,14.971635818481445,1420.0771484375,22.296066284179688,9.74522590637207
325,1602.7537841796875,19.42815399169922,14.418179512023926,1462.6163330078125,21.6903133392334,9.145105361938477
326,1613.8858642578125,19.098283767700195,13.872014045715332,1299.31298828125,19.009309768676758,8.778857231140137
327,1626.1112060546875,20.792264938354492,15.077914237976074,1570.6407470703125,24.83772087097168,10.2518892288208
328,1618.3531494140625,20.55608367919922,14.504666328430176,1328.83740234375,21.674436569213867,10.128857612609863
329,1617.192138671875,19.671998977661133,15.310338973999023,1364.5625,21.186857223510742,9.481963157653809
330,1573.64892578125,18.864391326904297,14.437185287475586,1489.496826171875,22.136978149414062,9.134703636169434
331,1628.788330078125,19.421051025390625,14.000361442565918,1329.4881591796875,19.254810333251953,8.308244705200195
332,1606.66552734375,19.942218780517578,14.399616241455078,1347.702392578125,21.293256759643555,9.432618141174316
333,1560.8861083984375,19.36338996887207,14.693485260009766,1559.6776123046875,25.3300838470459,10.510685920715332
334,1601.7952880859375,21.035198211669922,14.953705787658691,1311.482421875,20.00074005126953,9.2347412109375
335,1576.4794921875,19.702730178833008,14.865177154541016,1407.4989013671875,20.120452880859375,8.620352745056152
336,1580.52490234375,18.663223266601562,13.778799057006836,1434.946044921875,21.395492553710938,9.007740020751953
337,1570.8961181640625,18.62133026123047,13.849525451660156,1337.7529296875,20.948902130126953,9.118584632873535
338,1540.0389404296875,19.393333435058594,14.887468338012695,1360.0435791015625,22.252622604370117,9.910429000854492
339,1558.0894775390625,19.4454345703125,15.171004295349121,1489.3258056640625,23.655071258544922,9.822882652282715
340,1556.7908935546875,19.735645294189453,14.35234260559082,1277.7947998046875,19.009441375732422,8.65496826171875
341,1547.1038818359375,19.701143264770508,14.66145133972168,1429.3486328125,21.89514923095703,9.150410652160645
342,1531.3836669921875,18.350976943969727,13.684943199157715,1441.221923828125,22.842777252197266,9.438945770263672
343,1524.4722900390625,18.895584106445312,13.998451232910156,1296.3575439453125,21.379446029663086,10.109406471252441
344,1576.1402587890625,20.484731674194336,15.957975387573242,1617.083984375,25.18722152709961,10.157909393310547
345,1553.3167724609375,20.6331729888916,14.5225248336792,1351.0206298828125,19.542966842651367,8.617584228515625
346,1504.7025146484375,18.80372428894043,14.126083374023438,1291.601806640625,18.869539260864258,8.300902366638184
347,1502.2650146484375,19.045618057250977,14.177070617675781,1456.9410400390625,23.44471549987793,9.323914527893066
348,1526.84228515625,19.660371780395508,14.004151344299316,1242.7449951171875,20.278799057006836,9.395814895629883
349,1518.73583984375,19.494421005249023,15.245403289794922,1358.0185546875,21.625452041625977,9.254752159118652
350,1455.62890625,18.21988868713379,13.965373992919922,1425.551025390625,22.389650344848633,9.168235778808594
351,1487.4417724609375,18.56852912902832,13.706377983093262,1262.828369140625,18.528825759887695,8.199810028076172
352,1467.0836181640625,18.840721130371094,14.275389671325684,1299.4495849609375,20.409515380859375,9.059412002563477
353,1438.9488525390625,18.004924774169922,14.134405136108398,1465.6551513671875,23.60150718688965,9.48347282409668
354,1497.606201171875,20.208086013793945,14.299768447875977,1217.1658935546875,18.646024703979492,9.237868309020996
355,1522.717041015625,20.56604766845703,15.562684059143066,1390.3505859375,21.00730323791504,8.709306716918945
356,1473.8455810546875,18.226797103881836,13.600035667419434,1498.813232421875,23.4068603515625,9.734949111938477
357,1482.46435546875,18.896743774414062,13.941514015197754,1272.410400390625,19.770723342895508,9.282663345336914
358,1464.0411376953125,19.792648315429688,15.309560775756836,1358.032958984375,22.09465980529785,9.795312881469727
359,1416.339111328125,18.264928817749023,14.20350170135498,1499.2794189453125,24.18893051147461,9.747597694396973
360,1461.664794921875,19.61630630493164,13.9794282913208,1273.145263671875,19.179784774780273,9.123345375061035
361,1438.0838623046875,19.005903244018555,14.50726318359375,1345.208251953125,19.60968589782715,8.776694297790527
362,1405.6978759765625,17.82827377319336,13.664220809936523,1504.9498291015625,23.498332977294922,10.075308799743652
363,1412.5159912109375,18.930315017700195,14.116678237915039,1279.6400146484375,20.415864944458008,9.747382164001465
364,1422.0579833984375,18.0159854888916,14.781957626342773,1270.8021240234375,19.78194808959961,8.764020919799805
365,1368.20556640625,17.537919998168945,13.713090896606445,1296.8726806640625,20.254093170166016,8.330716133117676
366,1403.99560546875,17.445392608642578,13.095488548278809,1248.7537841796875,19.022314071655273,8.076518058776855
367,1380.6893310546875,17.553220748901367,13.18139934539795,1251.53173828125,20.002721786499023,9.061357498168945
368,1372.3809814453125,17.762727737426758,13.855303764343262,1451.40869140625,23.490201950073242,9.86328125
369,1375.4281005859375,18.777982711791992,13.667128562927246,1285.8480224609375,19.508155822753906,8.598719596862793
370,1347.7908935546875,17.01344108581543,13.170331001281738,1235.9986572265625,18.384973526000977,8.218683242797852
371,1355.0029296875,17.714162826538086,13.61274528503418,1375.86328125,21.750181198120117,9.059493064880371
372,1338.236572265625,17.596479415893555,13.239798545837402,1267.714599609375,20.44471549987793,8.855565071105957
373,1346.693603515625,17.295406341552734,13.800946235656738,1294.0826416015625,19.928483963012695,8.393186569213867
374,1306.609130859375,16.601741790771484,12.7594633102417,1291.1405029296875,19.7410888671875,8.349603652954102
375,1305.13427734375,16.55259132385254,12.631052017211914,1292.0380859375,20.79295539855957,9.11085319519043
376,1306.3199462890625,16.888874053955078,13.13680362701416,1413.0496826171875,22.191986083984375,9.264817237854004
377,1306.12841796875,17.432205200195312,12.739654541015625,1212.672119140625,18.32042694091797,8.33553409576416
378,1328.236572265625,18.419790267944336,13.558192253112793,1401.3746337890625,21.648286819458008,8.827812194824219
379,1329.8338623046875,17.499839782714844,12.600591659545898,1270.784912109375,19.82929801940918,8.768189430236816
380,1268.5626220703125,16.582199096679688,13.115714073181152,1264.6422119140625,20.008625030517578,8.833337783813477
381,1265.7623291015625,16.76287269592285,13.231302261352539,1337.1533203125,20.773170471191406,8.437153816223145
382,1284.415283203125,16.92389678955078,12.339186668395996,1176.455322265625,17.8223819732666,7.959224224090576
383,1272.066162109375,17.179656982421875,12.902363777160645,1332.8646240234375,20.797758102416992,8.80091381072998
384,1243.31787109375,16.73900604248047,12.502677917480469,1284.8494873046875,19.58271026611328,8.699777603149414
385,1231.003173828125,16.167715072631836,12.827912330627441,1272.166015625,18.949037551879883,8.257579803466797
386,1225.8382568359375,15.861723899841309,12.455606460571289,1233.6751708984375,18.832237243652344,8.158573150634766
387,1208.2459716796875,15.832523345947266,12.237077713012695,1233.8099365234375,19.493833541870117,8.13937759399414
388,1208.4197998046875,16.05257797241211,12.078200340270996,1233.2705078125,18.883596420288086,8.017708778381348
389,1194.5107421875,15.761964797973633,12.073354721069336,1259.677734375,19.183210372924805,8.269376754760742
390,1185.7525634765625,15.582649230957031,12.27513313293457,1287.6739501953125,19.9509220123291,8.482414245605469
391,1180.566650390625,15.704747200012207,12.272794723510742,1233.877685546875,18.93728256225586,8.258951187133789
392,1173.1639404296875,15.590431213378906,12.298309326171875,1289.9730224609375,19.7100830078125,8.24702262878418
393,1178.737548828125,15.615558624267578,11.906618118286133,1220.776611328125,18.951946258544922,8.931440353393555
394,1242.571044921875,16.980083465576172,13.697670936584473,1559.7305908203125,24.778928756713867,9.447036743164062
395,1382.1854248046875,20.73219108581543,13.223243713378906,1242.188720703125,19.77753448486328,9.170992851257324
396,1551.4169921875,25.014291763305664,16.50495719909668,1481.359619140625,22.97029685974121,9.401611328125
397,1301.2203369140625,19.06298065185547,12.87639331817627,1824.9954833984375,29.774709701538086,12.412775039672852
398,1378.608154296875,21.522218704223633,14.477927207946777,1441.8697509765625,22.5428466796875,10.098511695861816
399,1284.00927734375,18.71926498413086,14.313153266906738,1384.1275634765625,22.09599494934082,8.924508094787598
400,1352.296142578125,18.863418579101562,13.448053359985352,1357.454345703125,21.89089012145996,8.443730354309082
401,1361.2169189453125,18.096023559570312,12.805532455444336,1275.2545166015625,20.343107223510742,7.94944953918457
402,1293.9930419921875,17.147701263427734,12.470319747924805,1223.0401611328125,18.99030303955078,7.740591049194336
403,1281.2528076171875,17.517032623291016,12.761764526367188,1321.938720703125,21.24283218383789,8.563660621643066
404,1301.201904296875,18.19237518310547,13.279411315917969,1354.06298828125,22.296279907226562,9.02095890045166
405,1272.4996337890625,17.782075881958008,13.593733787536621,1275.228271484375,19.803239822387695,8.395520210266113
406,1244.248291015625,17.593873977661133,13.92857551574707,1269.025146484375,19.511415481567383,8.22374153137207
407,1206.76220703125,16.80875015258789,13.360428810119629,1333.0701904296875,20.23543930053711,8.503671646118164
408,1205.7760009765625,16.528554916381836,12.886923789978027,1360.52587890625,20.298507690429688,9.254815101623535
409,1195.6724853515625,17.03959083557129,13.589770317077637,1481.5850830078125,22.62287139892578,9.935511589050293
410,1168.5357666015625,16.720766067504883,13.07331657409668,1421.006591796875,21.64177894592285,9.78958797454834
411,1152.6771240234375,16.31498908996582,13.24311351776123,1380.9573974609375,21.153799057006836,9.353525161743164
412,1125.9073486328125,15.894998550415039,12.650390625,1392.7757568359375,21.200653076171875,9.344438552856445
413,1114.6787109375,15.8843412399292,12.627660751342773,1347.519775390625,20.47787094116211,8.716226577758789
414,1112.1131591796875,15.855230331420898,12.116999626159668,1262.502197265625,18.356075286865234,8.192955017089844
415,1110.1114501953125,16.20758819580078,12.515878677368164,1348.770263671875,20.913774490356445,8.316398620605469
416,1134.548095703125,16.176864624023438,11.689849853515625,1323.4219970703125,18.899749755859375,9.036450386047363
417,1210.73095703125,17.23317527770996,14.126697540283203,1525.304443359375,24.29686164855957,9.519583702087402
418,1199.551025390625,18.714115142822266,12.70392894744873,1226.1253662109375,17.647001266479492,7.445413112640381
419,1120.33056640625,16.700090408325195,12.556074142456055,1257.9580078125,18.65662384033203,8.175787925720215
420,1116.5325927734375,16.4025936126709,12.818135261535645,1595.2935791015625,26.149187088012695,10.101425170898438
421,1187.4249267578125,19.26367950439453,12.717923164367676,1284.3414306640625,18.031118392944336,8.124341011047363
422,1085.2520751953125,15.819867134094238,12.777807235717773,1224.17431640625,16.680561065673828,7.464447498321533
423,1106.4647216796875,16.787277221679688,13.119817733764648,1366.8414306640625,20.845998764038086,8.432005882263184
424,1075.773681640625,16.01477813720703,12.115166664123535,1268.4027099609375,19.43291473388672,8.072722434997559
425,1069.6197509765625,15.969511985778809,12.451790809631348,1169.7777099609375,17.073925018310547,7.022432327270508
426,1061.806640625,15.635821342468262,11.936793327331543,1236.158935546875,17.891145706176758,7.43854284286499
427,1022.1871337890625,14.706207275390625,11.463159561157227,1324.8983154296875,19.240867614746094,8.216224670410156
428,1032.436767578125,15.281350135803223,11.960611343383789,1310.61767578125,18.710554122924805,8.264297485351562
429,1035.1837158203125,15.105989456176758,12.202489852905273,1244.6549072265625,18.301097869873047,7.501133918762207
430,1018.7432861328125,14.534163475036621,11.08641242980957,1199.3765869140625,17.250280380249023,7.046376705169678
431,1009.3992919921875,15.003439903259277,11.295183181762695,1237.0003662109375,18.07676887512207,7.358418941497803
432,1016.7689819335938,15.177248001098633,11.7664155960083,1327.5108642578125,20.037273406982422,7.813441276550293
433,1002.99072265625,15.090690612792969,11.282221794128418,1201.034912109375,16.587350845336914,6.954028606414795
434,999.2317504882812,14.82960033416748,12.127614974975586,1242.7630615234375,17.80097007751465,7.42671537399292
435,981.614501953125,14.364173889160156,12.165616035461426,1386.4964599609375,21.413320541381836,8.5062894821167
436,989.6915893554688,15.628578186035156,12.221726417541504,1189.32177734375,17.00349998474121,7.052500247955322
437,977.3329467773438,14.909651756286621,12.005950927734375,1231.21533203125,17.882091522216797,7.083423137664795
438,973.07421875,14.117878913879395,10.968918800354004,1267.230224609375,18.350990295410156,7.344048976898193
439,959.12158203125,14.234952926635742,11.465387344360352,1292.810546875,18.5216007232666,7.474913597106934
440,955.6001586914062,14.260966300964355,11.434958457946777,1243.708740234375,17.384113311767578,7.1526780128479
441,953.1964111328125,14.430461883544922,11.519316673278809,1245.42919921875,17.910316467285156,7.3888654708862305
442,926.4633178710938,14.003631591796875,11.113985061645508,1278.071533203125,19.33196258544922,7.774514198303223
443,940.903564453125,14.396456718444824,10.888083457946777,1209.9564208984375,17.108083724975586,7.0264892578125
444,921.9679565429688,14.0027494430542,11.124040603637695,1258.759033203125,18.01227378845215,7.1900458335876465
445,917.0442504882812,13.815666198730469,11.061868667602539,1282.2347412109375,18.463951110839844,7.554739475250244
446,910.1098022460938,13.85961627960205,11.255627632141113,1256.30078125,18.04243278503418,7.3870744705200195
447,901.733154296875,13.499214172363281,11.029716491699219,1230.2783203125,17.562786102294922,7.020570278167725
448,900.7003784179688,13.449481964111328,10.695649147033691,1208.5743408203125,16.683950424194336,6.881828308105469
449,904.7677001953125,13.930648803710938,11.163273811340332,1294.6239013671875,19.220035552978516,7.468872547149658
450,897.1393432617188,14.018148422241211,10.761275291442871,1175.935791015625,16.226530075073242,6.3428239822387695
451,887.0494995117188,13.40937614440918,10.727156639099121,1216.5191650390625,17.503936767578125,6.8464860916137695
452,871.98193359375,13.13768482208252,10.64936351776123,1319.766845703125,19.941308975219727,7.821305274963379
453,879.3214721679688,13.907898902893066,10.79228401184082,1189.996337890625,16.338958740234375,6.734744548797607
454,877.6398315429688,13.62177848815918,11.187203407287598,1253.7774658203125,18.122896194458008,7.157683372497559
455,875.3413696289062,13.025465965270996,10.608089447021484,1287.3653564453125,18.51308822631836,7.646154880523682
456,886.4380493164062,13.329797744750977,11.212028503417969,1297.083740234375,18.99725914001465,7.422862529754639
457,852.8212280273438,13.281187057495117,10.521438598632812,1205.252685546875,16.60935401916504,6.507458209991455
458,862.7700805664062,12.911791801452637,10.380441665649414,1248.9339599609375,17.345672607421875,7.011919021606445
459,881.7185668945312,13.338444709777832,11.009808540344238,1405.0303955078125,21.154003143310547,8.107144355773926
460,887.9750366210938,14.957125663757324,10.911979675292969,1166.4063720703125,15.36510944366455,6.192892074584961
461,897.1710205078125,15.555312156677246,11.642865180969238,1280.46435546875,18.537914276123047,7.2434983253479
462,840.5690307617188,12.949260711669922,10.324084281921387,1412.654052734375,21.22003746032715,8.740675926208496
463,857.5925903320312,14.096036911010742,11.115236282348633,1219.7763671875,16.65113639831543,7.024162292480469
464,836.323974609375,13.325305938720703,10.950101852416992,1244.8194580078125,17.51785659790039,6.911369800567627
465,875.888427734375,12.736827850341797,10.119704246520996,1271.1767578125,17.89796257019043,7.3767924308776855
466,868.007080078125,13.120023727416992,10.944766998291016,1390.5137939453125,20.502946853637695,7.938549995422363
467,837.1724853515625,13.929496765136719,10.435391426086426,1247.9720458984375,16.696205139160156,6.665887832641602
468,836.5653076171875,12.996726989746094,10.25704574584961,1257.2625732421875,16.935548782348633,6.897015571594238
469,813.9268798828125,13.05712604522705,10.245182991027832,1402.162109375,20.86720848083496,8.293219566345215
470,825.2347412109375,13.666646003723145,10.53894329071045,1265.7608642578125,18.010231018066406,7.120365619659424
471,789.006591796875,12.409046173095703,10.415077209472656,1182.49169921875,16.091938018798828,6.257503509521484
472,816.116943359375,13.164430618286133,10.66120433807373,1286.30029296875,18.954374313354492,7.281832218170166
473,781.808349609375,12.668997764587402,10.094624519348145,1290.21044921875,18.77991485595703,7.460511207580566
474,792.3405151367188,12.749481201171875,10.356505393981934,1250.614990234375,17.374414443969727,6.844357490539551
475,773.26123046875,12.298066139221191,9.901397705078125,1225.8643798828125,17.088726043701172,6.588486671447754
476,772.5676879882812,12.095019340515137,9.90540599822998,1248.260986328125,17.90069007873535,6.941006660461426
477,766.2786865234375,12.035834312438965,10.052824974060059,1281.7220458984375,18.259815216064453,7.285555839538574
478,759.6874389648438,12.055418014526367,10.033628463745117,1317.38671875,18.585365295410156,7.30745792388916
479,757.7578125,11.970440864562988,9.653219223022461,1255.515869140625,16.89940071105957,6.571852207183838
480,751.162109375,12.01119327545166,9.918782234191895,1313.4605712890625,18.78883171081543,7.034572124481201
481,748.8489990234375,12.184931755065918,9.824967384338379,1270.5751953125,17.81652069091797,6.827409267425537
482,736.2595825195312,11.76282787322998,9.756139755249023,1260.1131591796875,17.783395767211914,6.858879089355469
483,739.0382690429688,11.844987869262695,9.690784454345703,1263.367919921875,18.042158126831055,6.9835124015808105
484,731.6759033203125,11.624166488647461,9.774565696716309,1266.5438232421875,17.857881546020508,6.936318397521973
485,729.1376342773438,11.539106369018555,9.738773345947266,1252.0960693359375,17.284950256347656,6.756198406219482
486,721.4888916015625,11.628378868103027,9.536760330200195,1283.703857421875,18.275856018066406,7.050317287445068
487,720.5992431640625,11.524613380432129,9.367805480957031,1248.481201171875,17.431034088134766,6.789636611938477
488,720.0757446289062,11.465341567993164,9.754761695861816,1289.4932861328125,18.285879135131836,6.967901229858398
489,715.5768432617188,11.632221221923828,9.698095321655273,1237.2537841796875,16.641374588012695,6.368907928466797
490,713.2521362304688,11.516654968261719,9.47860336303711,1271.1219482421875,17.670515060424805,6.804682731628418
491,708.4437866210938,11.297075271606445,9.502787590026855,1354.8336181640625,19.82845115661621,7.538233757019043
492,713.0226440429688,12.355982780456543,9.659225463867188,1203.2325439453125,15.687189102172852,6.098886013031006
493,720.1820068359375,12.61634349822998,10.017297744750977,1343.1365966796875,19.383981704711914,7.348727703094482
494,720.932373046875,11.9292631149292,9.429415702819824,1255.241455078125,16.901165008544922,6.940798282623291
495,781.7349853515625,12.51237678527832,11.191329002380371,1395.21337890625,20.679285049438477,7.671887397766113
496,763.513671875,13.596235275268555,10.185124397277832,1212.2371826171875,16.202531814575195,6.139860153198242
497,746.7760009765625,13.237009048461914,10.115797996520996,1346.84130859375,19.59055519104004,7.546779632568359
498,731.3648681640625,11.955118179321289,9.622443199157715,1461.632568359375,22.247007369995117,8.592331886291504
499,734.8896484375,13.23400592803955,9.964927673339844,1178.9312744140625,15.377697944641113,6.009064674377441
500,723.8787841796875,13.196285247802734,10.745023727416992,1234.4864501953125,17.03192901611328,6.30397367477417
501,762.4669799804688,11.670217514038086,10.174369812011719,1286.87890625,18.058879852294922,7.245960235595703
502,751.6995849609375,12.152164459228516,10.94992446899414,1405.125732421875,20.87923240661621,7.906910419464111
503,697.5512084960938,12.545929908752441,9.919686317443848,1260.3411865234375,16.916093826293945,6.412144184112549
504,762.9229736328125,11.788856506347656,9.429167747497559,1303.0084228515625,17.622594833374023,7.575424671173096
505,762.2672729492188,12.5496826171875,11.100308418273926,1726.989501953125,25.52714729309082,10.93057632446289
506,852.0665893554688,16.579322814941406,12.503511428833008,1216.8763427734375,16.252933502197266,6.891740322113037
507,792.9161376953125,14.790674209594727,11.326702117919922,1280.7786865234375,17.139402389526367,6.617225170135498
508,735.8587036132812,11.869660377502441,8.98666000366211,1438.9710693359375,20.92622947692871,8.442811965942383
509,702.2291259765625,12.252939224243164,9.415037155151367,1392.597900390625,20.170021057128906,8.188138961791992
510,726.29248046875,12.449498176574707,9.934629440307617,1296.328125,18.680635452270508,6.941793918609619
511,707.3744506835938,11.929818153381348,9.220364570617676,1201.2469482421875,15.861934661865234,6.054847717285156
512,720.2379760742188,12.373404502868652,9.846770286560059,1321.6522216796875,18.3322696685791,7.293335914611816
513,670.9788818359375,11.551615715026855,9.64632797241211,1491.07763671875,22.131786346435547,8.962674140930176
514,697.7039794921875,12.985268592834473,10.075553894042969,1255.0235595703125,17.436614990234375,6.997241973876953
515,673.4432983398438,12.12582778930664,9.476532936096191,1247.1995849609375,18.19097900390625,6.8944411277771
516,674.8314819335938,11.668700218200684,9.146026611328125,1286.8905029296875,18.907243728637695,7.282114028930664
517,666.0289916992188,11.890165328979492,9.639575958251953,1295.3155517578125,18.073970794677734,7.429289817810059
518,677.3389282226562,11.578561782836914,10.003500938415527,1280.8392333984375,17.248430252075195,7.176684856414795
519,644.3907470703125,11.549912452697754,9.651137351989746,1301.595947265625,18.422378540039062,7.137595176696777
520,686.3167724609375,11.651070594787598,9.129213333129883,1249.600341796875,16.61604118347168,6.749730110168457
521,674.2825927734375,12.03295612335205,9.98526382446289,1362.871826171875,19.596872329711914,7.63596773147583
522,668.092529296875,12.414780616760254,9.660054206848145,1302.38330078125,18.251169204711914,7.094139575958252
523,636.186279296875,11.148566246032715,9.187466621398926,1208.1846923828125,15.820019721984863,6.289225101470947
524,649.2201538085938,12.355825424194336,9.685633659362793,1296.363525390625,18.85098648071289,7.28706693649292
525,632.5369873046875,11.374388694763184,9.239808082580566,1325.31103515625,19.644020080566406,7.557922840118408
526,626.5476684570312,11.154301643371582,9.649850845336914,1282.408203125,18.004629135131836,6.938485622406006
527,632.7280883789062,11.561525344848633,9.977985382080078,1283.2149658203125,17.7482967376709,6.680918216705322
528,612.974609375,10.84188175201416,9.014628410339355,1262.6590576171875,16.867237091064453,6.511613845825195
529,619.4287719726562,10.46753978729248,8.604195594787598,1261.93017578125,16.68115234375,6.734355926513672
530,616.3778076171875,11.009925842285156,9.188847541809082,1399.27783203125,20.449316024780273,8.016212463378906
531,626.0303344726562,11.647736549377441,9.284486770629883,1272.047119140625,17.241294860839844,6.674136161804199
532,597.1365356445312,10.289727210998535,8.836786270141602,1213.0289306640625,15.74998950958252,5.908419609069824
533,604.9310302734375,10.882817268371582,8.842615127563477,1309.6661376953125,18.52437400817871,6.804625988006592
534,611.4066772460938,10.631429672241211,8.454588890075684,1262.6197509765625,16.977245330810547,6.631796360015869
535,613.3275756835938,10.961532592773438,9.48354721069336,1391.40185546875,20.16131591796875,7.8998799324035645
536,602.0957641601562,10.82269287109375,9.417113304138184,1341.6046142578125,18.89958381652832,7.362560749053955
537,582.3438720703125,10.368453025817871,8.939974784851074,1216.490478515625,16.250606536865234,6.176223278045654
538,601.4978637695312,10.932085037231445,8.761815071105957,1244.530029296875,17.069665908813477,6.461002826690674
539,578.9251098632812,10.212014198303223,8.538366317749023,1369.51708984375,19.589975357055664,7.533048629760742
540,583.7593383789062,10.683717727661133,8.784157752990723,1309.2294921875,17.392169952392578,6.880108833312988
541,577.3023071289062,10.379682540893555,8.998018264770508,1281.2310791015625,16.823713302612305,6.412192344665527
542,563.8690185546875,9.882696151733398,8.5274658203125,1285.4227294921875,17.544523239135742,6.4083170890808105
543,571.9512329101562,10.17972469329834,8.388457298278809,1259.662841796875,16.6462345123291,6.2672953605651855
544,567.0935668945312,10.207748413085938,8.739418029785156,1364.029052734375,19.162540435791016,7.225272178649902
545,569.19384765625,10.659062385559082,8.70400333404541,1287.027587890625,17.37828254699707,6.555800914764404
546,548.8903198242188,9.60134220123291,8.226800918579102,1240.1099853515625,16.24882698059082,6.0788679122924805
547,560.4874877929688,9.937591552734375,8.326813697814941,1294.0029296875,17.564809799194336,6.581272125244141
548,544.0706176757812,9.573101043701172,8.333518981933594,1340.33642578125,18.569766998291016,7.001237869262695
549,548.9348754882812,9.900778770446777,8.52306079864502,1297.005859375,17.57659912109375,6.571731090545654
550,540.7221069335938,9.611515998840332,8.338550567626953,1281.372802734375,17.36334228515625,6.351840496063232
551,544.468017578125,9.542086601257324,8.092048645019531,1251.2344970703125,16.394994735717773,6.153853416442871
552,539.0,9.64864444732666,8.413637161254883,1363.0810546875,19.123889923095703,7.237372875213623
553,537.0077514648438,9.867220878601074,8.421488761901855,1307.001953125,17.828632354736328,6.733669281005859
554,530.533203125,9.467894554138184,8.256498336791992,1262.4869384765625,16.807586669921875,6.209468364715576
555,527.7214965820312,9.421208381652832,8.178645133972168,1297.1605224609375,17.486907958984375,6.3651123046875
556,526.8411865234375,9.35729694366455,8.048272132873535,1283.7249755859375,16.883241653442383,6.284195899963379
557,525.9589233398438,9.611469268798828,8.301546096801758,1329.8211669921875,18.331911087036133,6.744659423828125
558,519.912841796875,9.39598560333252,8.083864212036133,1269.1502685546875,17.170944213867188,6.321218013763428
559,516.990966796875,9.34909725189209,8.180092811584473,1265.3349609375,16.96448516845703,6.318908214569092
560,513.3159790039062,9.141508102416992,8.09680461883545,1309.1983642578125,17.90934181213379,6.669475078582764
561,511.8339538574219,9.30449390411377,8.031970977783203,1278.9427490234375,17.127540588378906,6.333705902099609
562,509.5128479003906,9.052935600280762,7.965353012084961,1316.2945556640625,17.846834182739258,6.536694049835205
563,506.9574279785156,9.048747062683105,7.854005813598633,1278.990234375,16.942304611206055,6.275722503662109
564,506.14202880859375,9.096014022827148,8.109201431274414,1327.6763916015625,18.306713104248047,6.704220294952393
565,503.5069885253906,9.236855506896973,7.973555088043213,1266.0130615234375,16.916921615600586,6.225276947021484
566,499.95684814453125,9.024755477905273,7.989902496337891,1317.2901611328125,17.856901168823242,6.55918550491333
567,498.75555419921875,8.935734748840332,7.814877510070801,1280.6572265625,16.945363998413086,6.300254821777344
568,498.4385070800781,8.98815631866455,8.05387020111084,1339.9486083984375,18.374845504760742,6.75065803527832
569,495.1487731933594,9.167940139770508,7.918935298919678,1271.1124267578125,16.741886138916016,6.150554180145264
570,493.46307373046875,9.122801780700684,7.947482585906982,1316.1573486328125,17.834135055541992,6.457184314727783
571,487.16864013671875,8.76814079284668,7.734200954437256,1311.15625,17.63127899169922,6.423252582550049
572,485.7884521484375,8.869075775146484,7.878149509429932,1309.6507568359375,17.50705337524414,6.402827262878418
573,484.0565185546875,8.670636177062988,7.759164810180664,1296.9442138671875,17.481807708740234,6.390466213226318
574,484.3260192871094,8.824140548706055,7.915313720703125,1357.241943359375,18.63677978515625,6.826182842254639
575,480.9872741699219,8.950505256652832,7.771908283233643,1258.285400390625,16.509044647216797,6.020626544952393
576,484.7453308105469,9.209617614746094,8.009519577026367,1381.43017578125,19.35160255432129,6.921309947967529
577,493.2108154296875,9.70860481262207,7.855099201202393,1246.468994140625,16.122657775878906,5.991983890533447
578,517.7144165039062,10.41186237335205,8.884489059448242,1501.935546875,21.86565399169922,7.982907295227051
579,519.644775390625,11.483880996704102,8.710315704345703,1235.3115234375,15.900313377380371,5.804370880126953
580,499.8428039550781,10.2266845703125,8.370729446411133,1291.9910888671875,17.442039489746094,6.278013706207275
581,468.8550109863281,8.627157211303711,7.6577534675598145,1453.8189697265625,20.701459884643555,7.5334577560424805
582,493.6171569824219,10.311288833618164,8.223661422729492,1232.682373046875,15.766229629516602,5.789097785949707
583,512.0265502929688,11.239880561828613,8.991585731506348,1425.771240234375,20.602022171020508,7.212401866912842
584,519.0465698242188,10.398293495178223,7.94063663482666,1258.5606689453125,16.888540267944336,6.166842460632324
585,494.4237365722656,9.130349159240723,8.37411117553711,1347.969482421875,18.478435516357422,6.956779479980469
586,496.4219055175781,9.153972625732422,8.385117530822754,1395.97412109375,19.177900314331055,7.094324588775635
587,470.06329345703125,8.9867582321167,7.7454023361206055,1264.3660888671875,16.44037437438965,5.8235273361206055
588,500.0427551269531,9.323862075805664,7.941812992095947,1330.264892578125,18.098655700683594,6.531800270080566
589,468.5754089355469,8.806358337402344,7.897367477416992,1509.5703125,21.569786071777344,8.065470695495605
590,489.5779113769531,10.403800964355469,8.468443870544434,1265.2801513671875,16.21061134338379,6.030113220214844
591,476.8084716796875,9.859329223632812,8.194323539733887,1325.9537353515625,18.252750396728516,6.444900989532471
592,490.47711181640625,9.017333984375,7.471997261047363,1301.129638671875,17.71017837524414,6.458184242248535
593,457.50079345703125,8.624807357788086,7.81173038482666,1391.7850341796875,19.23761749267578,7.315954208374023
594,464.09771728515625,8.980829238891602,8.009756088256836,1372.529296875,18.57390594482422,6.944170951843262
595,453.9920959472656,8.64118480682373,7.648863792419434,1269.5435791015625,16.550010681152344,5.8653435707092285
596,458.2348937988281,8.770065307617188,7.5492424964904785,1328.24267578125,18.08553123474121,6.356938362121582
597,445.05877685546875,8.637946128845215,7.485893249511719,1380.1907958984375,18.79070472717285,6.797245979309082
598,448.0635070800781,8.630188941955566,7.699728488922119,1326.6934814453125,17.329975128173828,6.405745506286621
599,445.3388366699219,8.716151237487793,7.873137950897217,1376.147705078125,18.83713150024414,6.717357158660889
600,449.6557312011719,8.673020362854004,7.4192705154418945,1274.56396484375,16.591644287109375,6.027498245239258
601,449.5472412109375,8.824484825134277,7.805450916290283,1410.226806640625,19.538768768310547,7.203208923339844
602,445.0929260253906,9.005864143371582,7.634648323059082,1320.67626953125,17.65003776550293,6.534576892852783
603,436.94091796875,8.443955421447754,7.475058555603027,1289.2696533203125,17.13531494140625,6.187334060668945
604,432.7361755371094,8.369428634643555,7.587006568908691,1405.0484619140625,19.568464279174805,7.030383586883545
605,439.4861145019531,9.014264106750488,7.72963809967041,1315.163330078125,17.32175064086914,6.345580577850342
606,436.89385986328125,8.695462226867676,7.734834671020508,1397.6231689453125,19.230588912963867,6.880768775939941
607,438.5139465332031,8.457477569580078,7.378444194793701,1281.28076171875,16.57319450378418,5.960398197174072
608,433.7801818847656,8.516273498535156,7.8242011070251465,1424.442626953125,19.43603515625,7.115506172180176
609,432.2486572265625,8.648601531982422,7.492697238922119,1335.6923828125,17.470243453979492,6.454331874847412
610,418.9137878417969,7.978051662445068,7.287120819091797,1355.347412109375,18.103221893310547,6.543789863586426
611,422.6643981933594,8.046163558959961,7.219716548919678,1354.6248779296875,18.114185333251953,6.60110330581665
612,414.62860107421875,7.876432418823242,7.266354084014893,1353.6827392578125,18.260656356811523,6.713288307189941
613,418.3678894042969,8.115828514099121,7.577457904815674,1381.259521484375,19.079835891723633,6.883081436157227
614,414.0932922363281,8.118104934692383,7.288179397583008,1356.2425537109375,17.893632888793945,6.519972324371338
615,411.345458984375,8.008536338806152,7.27175235748291,1406.5465087890625,18.767038345336914,6.809380531311035
616,411.49365234375,7.992213726043701,7.125852108001709,1313.8551025390625,17.251827239990234,6.192990779876709
617,420.1073303222656,8.216285705566406,7.554382801055908,1452.454833984375,20.331575393676758,7.35585880279541
618,416.8976135253906,8.819307327270508,7.470601558685303,1318.3790283203125,16.84969711303711,6.2831525802612305
619,425.02142333984375,9.235915184020996,7.7767333984375,1410.589599609375,19.623258590698242,6.982610702514648
620,409.2618713378906,8.48148250579834,7.311837673187256,1387.5653076171875,18.95215606689453,6.908204555511475
621,402.7536926269531,8.019546508789062,7.180562496185303,1339.2559814453125,17.536611557006836,6.5290021896362305
622,405.2290344238281,8.100528717041016,7.2061543464660645,1368.42919921875,18.47294044494629,6.6827311515808105
623,409.2061462402344,7.894766330718994,7.297633647918701,1366.386962890625,18.13494300842285,6.655801296234131
624,398.3777770996094,7.705348968505859,7.245543479919434,1434.3511962890625,19.11264991760254,7.017336845397949
625,410.8948669433594,7.8561201095581055,7.073705673217773,1341.305908203125,17.527584075927734,6.329744338989258
626,408.92633056640625,7.960829257965088,7.411207675933838,1465.6143798828125,20.47037696838379,7.5126953125
627,419.6735534667969,8.590445518493652,7.65728235244751,1324.2005615234375,17.502748489379883,6.446082592010498
628,415.4315490722656,9.056568145751953,7.626794815063477,1425.1531982421875,19.9739933013916,7.0540595054626465
629,418.240966796875,8.556441307067871,7.225905418395996,1336.15234375,17.524208068847656,6.358015060424805
630,408.3766784667969,8.011375427246094,7.580078601837158,1473.6763916015625,19.651622772216797,7.516572952270508
631,424.72662353515625,8.759655952453613,8.008123397827148,1348.784912109375,17.85565185546875,6.5800957679748535
632,389.82586669921875,7.612993240356445,7.080989360809326,1366.926025390625,19.038888931274414,6.681545734405518
633,428.9951171875,8.29478931427002,7.133240222930908,1317.6846923828125,18.031856536865234,6.764873027801514
634,423.688232421875,8.392768859863281,8.125801086425781,1564.0614013671875,21.89647102355957,8.478814125061035
635,433.08831787109375,9.518421173095703,8.712267875671387,1309.6864013671875,16.372886657714844,6.193182945251465
636,413.1803894042969,9.264098167419434,8.269463539123535,1443.82861328125,20.14597511291504,7.1685662269592285
637,427.8904113769531,8.688807487487793,7.601999759674072,1350.7762451171875,18.300601959228516,6.698163986206055
638,420.0415344238281,8.589942932128906,8.055903434753418,1447.0589599609375,20.007686614990234,7.518798351287842
639,403.39215087890625,8.257728576660156,7.5803046226501465,1432.1343994140625,19.185976028442383,7.198752403259277
640,389.89837646484375,7.9149956703186035,7.003536224365234,1293.3228759765625,16.310068130493164,5.97329568862915
641,411.5756530761719,8.802952766418457,7.3596930503845215,1447.927978515625,20.155345916748047,7.3263163566589355
642,389.46014404296875,8.170878410339355,7.053538799285889,1445.5882568359375,19.597429275512695,7.227199077606201
643,389.8678283691406,8.137702941894531,7.224818706512451,1336.2255859375,16.916547775268555,6.216795444488525
644,389.2342224121094,8.411063194274902,7.4687113761901855,1467.4927978515625,20.485435485839844,7.426976203918457
645,410.173828125,8.609203338623047,7.1330389976501465,1348.307861328125,17.89141273498535,6.68220329284668
646,398.01806640625,8.354555130004883,7.534101963043213,1509.40380859375,21.1569766998291,7.9723639488220215
647,389.8245849609375,8.717215538024902,7.561398029327393,1346.40283203125,17.783517837524414,6.628391265869141
648,374.3553466796875,7.659457206726074,7.162539005279541,1292.4344482421875,16.925085067749023,6.183873176574707
649,379.8025817871094,7.984249591827393,7.283721446990967,1436.1495361328125,20.15251350402832,7.266237735748291
650,379.5236511230469,8.682110786437988,7.242982387542725,1370.0531005859375,18.037410736083984,6.702557563781738
651,372.04656982421875,7.9245381355285645,7.217947006225586,1388.7252197265625,18.52767562866211,6.843271732330322
652,369.1540222167969,7.5080108642578125,6.922375679016113,1351.194091796875,18.247323989868164,6.637598037719727
653,361.1724548339844,7.712372779846191,7.0610671043396,1401.0362548828125,19.108366012573242,7.030346393585205
654,363.1441650390625,7.557130336761475,7.056703090667725,1411.8203125,18.454389572143555,6.845644474029541
655,356.57623291015625,7.447315692901611,6.8988752365112305,1392.8199462890625,18.04319190979004,6.517008304595947
656,353.9548034667969,7.222641944885254,6.765195369720459,1415.0614013671875,18.906143188476562,6.8356194496154785
657,352.1664123535156,7.279441833496094,6.793140411376953,1405.012451171875,18.659406661987305,6.963768482208252
658,348.84881591796875,7.130537986755371,6.914702415466309,1388.388427734375,18.42266273498535,6.84511661529541
659,348.9817199707031,7.052065372467041,6.881326675415039,1389.9783935546875,18.381881713867188,6.719635486602783
660,342.5174865722656,6.997169017791748,6.69162654876709,1428.680908203125,18.71002769470215,6.826837062835693
661,344.4173889160156,7.029327869415283,6.657174110412598,1387.1060791015625,17.904237747192383,6.4674072265625
662,345.2634582519531,7.291779041290283,6.922913074493408,1462.1771240234375,20.04800033569336,7.203549385070801
663,347.1761169433594,7.608819961547852,6.8942766189575195,1319.1812744140625,17.103727340698242,6.221343040466309
664,355.1399230957031,7.834813117980957,7.428835391998291,1504.902587890625,20.705524444580078,7.6054158210754395
665,359.4682922363281,8.115705490112305,7.074017524719238,1296.67041015625,16.47757911682129,5.956704139709473
666,370.2796936035156,9.02957534790039,7.613606929779053,1560.7401123046875,22.036216735839844,8.014859199523926
667,362.6662902832031,9.318127632141113,7.372857570648193,1321.7060546875,16.839401245117188,6.252295017242432
668,353.80242919921875,8.235677719116211,7.502827167510986,1430.6475830078125,19.429845809936523,7.055929183959961
669,333.0511474609375,6.969681739807129,6.693979740142822,1433.7099609375,19.551990509033203,7.013307571411133
670,331.73919677734375,7.105494976043701,6.74752950668335,1370.476806640625,17.676721572875977,6.408359050750732
671,330.3406982421875,7.284923076629639,6.797806739807129,1449.5084228515625,19.33529281616211,6.9655351638793945
672,337.9432067871094,6.939401626586914,6.596773147583008,1336.6009521484375,17.215200424194336,6.19135856628418
673,346.8434143066406,7.446213722229004,7.314620018005371,1523.413818359375,21.023067474365234,7.671811103820801
674,339.5622863769531,8.085680961608887,7.042466163635254,1385.1622314453125,17.958486557006836,6.564856052398682
675,325.96527099609375,7.053781509399414,6.635088920593262,1322.5230712890625,17.04861068725586,6.09894323348999
676,325.8309631347656,7.515374183654785,6.962092876434326,1530.5059814453125,21.639673233032227,7.872642993927002
677,337.479736328125,8.494373321533203,7.16847038269043,1315.5245361328125,16.77316665649414,6.171224117279053
678,347.0636901855469,8.128694534301758,7.805475234985352,1440.04833984375,19.676841735839844,7.039558410644531
679,328.0817565917969,7.2591118812561035,7.08277702331543,1410.8583984375,18.951940536499023,6.801277160644531
680,327.0231018066406,6.753283500671387,6.504693031311035,1303.6937255859375,16.470495223999023,5.888889312744141
681,337.3089294433594,7.945290565490723,7.12451696395874,1523.146484375,21.10235595703125,7.6747565269470215
682,348.7004699707031,8.646924018859863,7.196340560913086,1316.6676025390625,16.861740112304688,6.1474223136901855
683,325.945556640625,7.849575042724609,7.093084335327148,1396.631591796875,18.9998722076416,6.824209213256836
684,327.4477233886719,7.0647993087768555,6.6829118728637695,1438.9007568359375,20.08367156982422,7.131780624389648
685,320.94403076171875,7.278684616088867,6.9433913230896,1383.039306640625,18.25819206237793,6.728579521179199
686,326.5654296875,7.282387733459473,7.0473313331604,1417.9630126953125,19.01801872253418,6.937058925628662
687,322.4801940917969,6.77804708480835,6.433559894561768,1349.6729736328125,17.956392288208008,6.344936370849609
688,315.2125549316406,7.237994194030762,6.83957052230835,1537.833984375,21.235322952270508,7.939177989959717
689,314.05255126953125,7.481747150421143,6.964441776275635,1420.8272705078125,18.739110946655273,7.045203685760498
690,305.9324951171875,7.113935470581055,6.8014631271362305,1389.05126953125,18.774873733520508,6.664239406585693
691,305.16937255859375,6.854508399963379,6.5352020263671875,1397.645751953125,18.866071701049805,6.871078968048096
692,303.0228271484375,6.707395553588867,6.479861259460449,1448.14501953125,19.064054489135742,7.315857887268066
693,300.90399169921875,7.015352249145508,6.638012886047363,1373.0562744140625,17.88473892211914,6.5770182609558105
694,297.3668518066406,6.561767578125,6.4640583992004395,1404.404052734375,18.900707244873047,6.852669715881348
695,295.990234375,6.7089643478393555,6.487014293670654,1473.9017333984375,19.664608001708984,7.472713470458984
696,295.01495361328125,6.693973064422607,6.550760269165039,1398.79443359375,18.21166229248047,6.811051368713379
697,296.7297058105469,6.549824237823486,6.572879791259766,1427.161376953125,19.36305046081543,7.000887870788574
698,298.2272644042969,6.517280101776123,6.369363307952881,1368.1529541015625,17.93688201904297,6.516680717468262
699,296.8310546875,6.590323448181152,6.669825553894043,1486.6748046875,20.09561538696289,7.526099681854248
700,298.6673583984375,6.971357822418213,6.694460391998291,1361.221435546875,17.739770889282227,6.638504505157471
701,295.5440979003906,6.6600751876831055,6.468510627746582,1379.617431640625,18.898508071899414,6.771333694458008
702,296.3587341308594,6.782479763031006,6.523540496826172,1472.7332763671875,20.227279663085938,7.556013584136963
703,293.08123779296875,6.971774578094482,6.577861309051514,1343.1785888671875,17.431100845336914,6.551624298095703
704,300.4810485839844,7.462973117828369,6.851049900054932,1484.630615234375,21.134273529052734,7.564561367034912
705,307.4305725097656,7.934026718139648,6.695928573608398,1347.8314208984375,17.536182403564453,6.457911014556885
706,297.2371826171875,6.800065040588379,6.712526321411133,1477.4169921875,19.929882049560547,7.465857028961182
707,294.1440124511719,6.930435657501221,6.570529460906982,1404.196044921875,18.893795013427734,6.840701580047607
708,299.0700378417969,6.284543037414551,6.173000335693359,1329.4918212890625,17.257083892822266,6.234313011169434
709,307.71307373046875,7.434446811676025,7.099339485168457,1670.479736328125,23.656728744506836,8.963763236999512
710,331.65618896484375,9.375190734863281,7.661868095397949,1325.5308837890625,16.931596755981445,6.262662410736084
711,316.4006652832031,8.815571784973145,7.305199146270752,1439.8226318359375,20.130725860595703,7.11818265914917
712,314.1014099121094,7.5395073890686035,6.4898271560668945,1421.189453125,19.28045082092285,7.292317867279053
713,301.33697509765625,6.73787784576416,6.860141754150391,1437.062255859375,19.148515701293945,7.523736953735352
714,310.2750244140625,7.494776725769043,7.391221523284912,1478.5955810546875,20.847320556640625,7.47779655456543
715,291.524169921875,7.353405952453613,6.47689151763916,1321.1602783203125,16.94692611694336,5.943811416625977
716,306.76123046875,7.981545448303223,7.119107246398926,1485.9029541015625,19.73526382446289,7.413769721984863
717,281.6961669921875,6.669134140014648,6.409355163574219,1546.89013671875,20.960844039916992,8.040087699890137
718,292.1313171386719,7.390382289886475,6.747982025146484,1268.730224609375,15.75231647491455,5.69744348526001
719,318.1437683105469,8.825699806213379,7.6763505935668945,1520.12255859375,21.658876419067383,7.833090782165527
720,332.8031005859375,8.492947578430176,6.745598316192627,1334.634765625,17.397090911865234,6.566320896148682
721,309.6628112792969,8.008065223693848,7.071572303771973,1430.984130859375,19.6619930267334,7.370861530303955
722,292.68756103515625,6.726658344268799,6.628556251525879,1467.8782958984375,20.788707733154297,7.742892265319824
723,282.192138671875,7.269254207611084,6.557867050170898,1302.8677978515625,16.82910919189453,6.364363193511963
724,311.365478515625,8.393893241882324,7.1714677810668945,1446.05126953125,20.14577293395996,7.374924182891846
725,278.3697814941406,6.719809055328369,6.53656530380249,1498.86572265625,20.85509490966797,7.647497177124023
726,280.65692138671875,6.988280296325684,6.578628063201904,1355.126708984375,17.210683822631836,6.373686790466309
727,285.036376953125,7.329573631286621,6.6994309425354,1423.3453369140625,19.1075496673584,6.895588397979736
728,284.46966552734375,6.7295026779174805,6.304399490356445,1441.1212158203125,19.789695739746094,7.283382892608643
729,276.1507568359375,6.388374328613281,6.238661289215088,1435.1324462890625,19.339693069458008,7.363456726074219
730,276.27587890625,6.3900980949401855,6.281656742095947,1388.829833984375,18.451509475708008,6.871665000915527
731,277.98675537109375,6.1705756187438965,6.195670127868652,1382.724609375,18.561641693115234,6.817085266113281
732,265.1210632324219,6.098424911499023,6.227828025817871,1494.63427734375,20.69400405883789,7.67835807800293
733,272.928955078125,6.659900188446045,6.301322937011719,1399.2489013671875,18.237512588500977,6.746825218200684
734,265.0251159667969,6.13338565826416,6.237625598907471,1434.974609375,19.143037796020508,6.9974365234375
735,273.5525817871094,6.0473456382751465,6.078433513641357,1372.8941650390625,18.29025650024414,6.732445240020752
736,267.573974609375,6.224334716796875,6.261465072631836,1495.322509765625,20.855175018310547,7.805473327636719
737,268.66241455078125,6.71783447265625,6.259387969970703,1395.4267578125,18.218599319458008,6.861881256103516
738,261.7439880371094,6.056093215942383,6.155982494354248,1434.1063232421875,19.01140594482422,7.121680736541748
739,260.63958740234375,5.884283542633057,6.0189409255981445,1442.1756591796875,19.66568946838379,7.221215724945068
740,260.03399658203125,5.949930191040039,6.067229747772217,1438.173095703125,19.56966209411621,7.287947654724121
741,254.0409393310547,5.861308574676514,5.994021415710449,1381.2841796875,18.19305419921875,6.848745346069336
742,259.57403564453125,5.961585521697998,6.022496223449707,1397.55419921875,18.929370880126953,6.971840858459473
743,260.62725830078125,5.916774272918701,6.067570209503174,1481.04248046875,20.31899642944336,7.67169713973999
744,257.46795654296875,6.0522847175598145,6.0804948806762695,1423.6953125,18.69356918334961,7.193140029907227
745,265.0460205078125,6.134546756744385,6.053731441497803,1379.328369140625,18.3154354095459,6.7105889320373535
746,260.4031677246094,6.0733256340026855,6.1579461097717285,1517.520263671875,21.0931339263916,7.807780742645264
747,262.02459716796875,6.788445472717285,6.24037504196167,1381.8204345703125,17.895851135253906,6.713830471038818
748,254.7875213623047,6.484948635101318,6.169600486755371,1425.23291015625,19.301393508911133,7.0634307861328125
749,263.24859619140625,5.972873210906982,5.986917018890381,1396.1519775390625,18.994443893432617,7.088202476501465
750,255.55014038085938,5.85667610168457,6.029320240020752,1421.644287109375,19.404766082763672,7.306700706481934
751,254.22445678710938,5.749577522277832,6.013449192047119,1440.127197265625,19.641401290893555,7.233757972717285
752,250.9790496826172,5.875466346740723,6.030699253082275,1386.03564453125,18.18328094482422,6.773337364196777
753,246.3090362548828,5.868918418884277,6.03570032119751,1441.8907470703125,19.561843872070312,7.28323221206665
754,245.36912536621094,5.5976481437683105,5.914966583251953,1432.977294921875,19.481786727905273,7.170673847198486
755,242.2824249267578,5.64871883392334,5.88222599029541,1407.3489990234375,18.673852920532227,6.866035461425781
756,245.77859497070312,5.5800909996032715,5.857132911682129,1403.5721435546875,18.596736907958984,6.876196384429932
757,244.95175170898438,5.659234046936035,5.927727699279785,1491.1376953125,20.446468353271484,7.621639251708984
758,243.350830078125,6.055775165557861,5.97201681137085,1362.697998046875,17.648042678833008,6.576887130737305
759,254.98104858398438,6.279989242553711,6.22720193862915,1473.8677978515625,20.19927406311035,7.588919162750244
760,248.27081298828125,5.872346878051758,5.9139862060546875,1400.3604736328125,18.912425994873047,6.948178291320801
